PRODUTO;CONSTITUINTE
10958;91
9840;250
1041;208
2525;233
3735;200
4073;156
11343;315
4521;300
313;204
13958;228
5680;42
7085;90
4498;93
4016;289
11784;117
4064;183
923;175
10048;212
10153;63
12645;74
9382;133
3541;317
7438;307
7311;39
10935;265
7423;273
1695;32
11071;268
12572;310
7351;72
61;290
50;104
4083;266
2646;209
4026;262
6886;87
909;37
10838;254
113;256
8950;320
10066;46
9551;271
6173;282
1650;177
5278;305
1322;164
8855;246
11172;227
5830;94
13695;283
699;216
4783;111
12973;23
1262;113
11187;276
11625;125
12928;186
1476;316
13173;156
4242;24
6290;81
4974;15
5649;24
11267;314
9184;155
9941;258
825;121
3644;20
1609;213
3728;51
3203;206
8266;146
5926;258
6649;178
12164;180
5314;229
13398;244
3926;297
6892;39
8360;98
4114;108
4783;235
14051;32
2959;308
9650;12
6895;4
5586;51
8671;298
2607;132
10432;219
5568;239
12456;43
5211;124
5708;34
8387;147
3090;183
8069;57
4796;290
7406;30
12807;15
8740;141
14049;256
11767;231
11650;113
10180;92
5034;46
6101;46
9465;4
9433;25
7813;188
929;301
1491;243
2205;285
5017;66
104;61
5419;292
1237;99
9676;5
14213;6
4867;248
8475;28
6346;202
2633;270
1735;212
7465;207
6310;265
3348;172
2705;274
12641;50
9616;142
9900;160
5620;115
8101;264
1128;207
4418;161
4484;136
11478;22
11016;313
2401;103
2714;22
4018;205
7838;145
8560;126
12663;294
57;297
4941;197
7402;28
9864;226
9335;166
3749;187
1377;216
9255;178
13221;74
12030;51
13870;14
4929;177
14162;128
12635;12
1837;213
12708;105
6152;95
1055;145
9073;234
13144;86
9183;228
4271;247
6406;170
4640;184
3634;71
13577;284
8606;96
7495;199
522;315
8984;151
13451;297
6085;76
8869;133
12667;115
9923;53
11726;273
884;248
9771;144
5552;217
1670;170
2114;259
2702;26
12156;187
7694;156
6058;207
10833;309
6719;51
10350;193
1307;30
2739;281
2945;143
3424;14
205;12
12387;246
5440;4
10284;257
12296;306
13090;21
7199;33
13871;199
10603;220
1593;21
5787;325
4622;308
3206;44
4746;122
4450;109
2625;119
6980;156
7328;17
10673;26
2272;197
13732;178
4270;46
8937;272
8146;270
5416;96
12426;194
7333;71
13992;104
7206;30
1997;66
4812;27
6599;306
5507;129
12721;221
277;140
7730;41
5234;213
3768;86
4430;56
10868;258
9885;94
3409;2
11102;304
6737;33
6972;124
8772;124
2656;66
6986;189
8322;307
8491;172
3252;274
5890;173
11025;189
8538;172
1564;321
8291;158
4245;128
918;300
4166;23
11641;250
13211;324
8332;297
11341;105
4371;61
7252;230
2364;227
7810;35
8121;217
12222;156
283;242
12176;179
6186;193
13339;47
9492;264
4053;300
459;290
1883;264
1556;284
7442;104
4479;100
2993;257
7350;292
12721;259
8848;127
6753;100
7381;128
6881;246
11201;41
13928;45
13375;171
6727;246
13820;115
8979;130
5883;102
10580;41
4805;136
9706;182
8815;18
1911;169
3502;127
10528;197
7339;184
1403;238
8037;48
2740;216
12965;8
4024;57
6377;105
10732;265
8997;220
5118;145
8058;143
13255;304
12070;190
9008;189
5442;273
3697;35
7298;245
14236;203
12604;38
8636;59
7710;297
348;16
161;112
11655;1
5329;54
13968;193
1281;302
9478;154
6414;13
12875;24
7642;158
9695;303
11162;154
6468;36
12273;160
11961;38
5665;77
2507;25
10902;314
3053;8
6923;162
10159;133
12897;48
12595;34
11762;210
6086;172
2981;174
14205;222
13758;279
8899;256
9810;90
12737;302
12;269
6237;39
6366;52
152;114
5403;32
99;210
1660;219
11266;162
8362;211
36;73
11442;164
4092;256
11555;156
7334;162
9138;165
13927;221
12375;279
5751;175
10971;315
10846;109
2264;183
803;219
754;186
2027;171
8333;223
6436;303
781;283
2721;62
6627;3
5528;143
13639;136
5055;71
10056;109
4715;166
8884;314
8917;185
4444;314
2467;63
5567;283
7230;29
687;309
10179;246
11223;10
13094;323
9847;220
8540;97
5825;139
2970;122
9904;212
12855;314
9465;138
11459;111
10526;89
6091;46
2611;118
9328;80
2434;297
4868;88
3040;303
3020;33
5689;138
4488;108
4522;110
5430;154
14003;168
12419;9
3685;308
4877;112
9494;109
5059;81
7643;191
5128;55
13376;279
5511;269
353;165
11777;45
13887;38
4119;116
3414;298
9458;131
7284;260
4782;18
12814;142
13521;72
7163;284
13210;156
10219;308
72;66
2727;37
5729;98
1374;60
12967;86
2534;104
12500;228
1483;95
864;153
5147;304
5031;64
13485;161
3977;71
14207;166
11244;212
5883;289
10252;55
3468;274
1276;266
1804;150
2130;273
3433;172
10453;308
6625;181
8858;37
4503;231
7946;228
8750;87
4779;35
9746;134
2770;279
12955;284
7028;66
562;99
14103;287
4788;237
10049;217
985;96
11647;225
8825;284
3141;71
10152;261
13796;182
12992;23
5384;177
9080;290
3789;197
3166;263
10544;301
9642;285
13489;196
5829;78
1690;140
7877;125
13119;124
5210;247
4398;126
9858;156
8454;103
12652;171
7470;295
4785;26
10841;58
11866;288
8732;272
3875;64
2143;143
3722;206
8407;220
11990;67
7879;133
1511;252
13823;243
6866;95
3937;241
5691;15
4493;89
355;142
5324;104
11905;289
12894;63
301;92
6552;294
357;75
4987;156
9833;313
1844;219
1465;151
11738;219
13745;67
1622;193
9631;181
5873;277
8975;64
11993;110
2708;106
9533;228
10606;7
308;225
12265;116
2288;186
12952;72
5210;21
9834;41
12638;171
10220;227
1830;137
12964;50
654;304
12303;96
959;211
1058;149
12366;277
12526;44
6352;61
12381;19
10552;282
8767;313
13175;320
3165;81
13513;26
6230;239
4564;234
3134;267
3590;250
556;192
6200;18
5563;238
10343;31
6926;82
11166;152
4947;205
11184;187
2149;2
11561;183
13775;125
6964;256
11696;90
2327;50
5125;243
8436;298
3020;311
10348;285
1025;205
10095;89
2412;302
2093;310
6638;63
732;113
204;58
145;149
12792;104
12041;105
7696;92
3568;163
8012;27
6387;200
10762;180
5600;197
2629;86
140;82
10529;56
13838;247
3452;117
544;92
6510;187
1775;201
7298;284
10320;4
6723;259
7584;23
11507;179
4170;157
11347;181
6814;165
549;64
4614;102
9114;259
4767;303
10619;36
9180;53
4232;129
8834;90
10695;251
6165;307
12656;318
5783;226
3958;264
6238;103
2593;111
12199;33
724;45
13219;34
8745;224
4436;156
9253;206
9042;283
6307;29
3160;166
4488;277
4840;298
4522;214
4536;134
20;15
488;137
5015;38
11319;116
1213;102
11943;183
7101;184
13392;47
14100;226
2001;88
10017;174
6643;275
4307;232
7486;9
10103;7
7;287
10331;17
314;295
6413;228
10993;325
7012;183
1491;298
11164;138
10127;40
3514;144
3872;248
3956;4
10436;243
9336;42
4420;230
1288;163
654;219
1397;241
5143;260
4988;132
10266;195
3533;170
9132;55
7220;174
7958;119
11808;9
12151;84
10154;94
10470;320
7566;215
3321;167
7644;191
3083;134
4676;147
14001;168
10850;66
6530;112
7313;279
12659;149
5153;208
3105;107
4728;217
2844;31
7969;23
12524;227
2750;151
2620;283
3620;151
4335;106
13898;162
12767;203
4605;275
1432;236
341;221
5190;174
8644;266
8923;135
1951;243
7897;254
11588;182
1542;178
4464;291
12645;206
9590;258
5599;258
1165;30
4766;128
7136;223
14239;312
3788;301
9634;279
12400;197
2333;44
7874;302
12371;215
12609;249
8818;71
12545;101
7660;174
9346;238
6331;285
9459;248
6549;106
13799;229
12457;203
8677;146
5583;9
5894;112
13967;71
2968;82
4879;63
13999;161
534;251
7799;323
4848;301
11335;49
2153;38
3904;40
5844;182
5059;6
8864;48
992;118
3625;88
855;23
4821;4
14176;152
13654;128
13057;72
6355;233
745;196
9434;54
793;52
3749;128
7327;264
8765;76
10378;57
3975;286
4550;134
5871;196
5606;257
2455;143
5268;275
7185;31
9231;20
13720;10
10128;97
5316;200
1597;67
5044;99
9603;260
8566;320
13377;154
12714;198
12706;58
3177;154
5443;27
1389;97
9680;157
6078;283
6911;173
4773;315
413;101
7424;144
10888;176
3663;305
12350;43
8617;114
13502;293
13313;8
10555;24
14145;164
13560;96
5092;15
6759;44
12438;262
7666;7
3350;173
8029;296
11667;176
8208;1
13768;124
4857;322
7417;247
3902;216
7201;43
10610;198
12473;324
8863;145
2530;43
8936;136
4935;59
12736;311
12755;74
10806;89
9523;142
10047;51
13406;259
11214;300
8642;241
11316;28
5906;189
6334;84
5788;182
4593;265
3549;278
13720;142
12313;219
7550;164
12990;111
5987;41
8690;160
4071;91
13339;265
12287;177
6927;99
13443;85
10105;101
12600;53
1362;189
3152;69
3540;101
11902;202
1409;8
5429;302
4235;287
5369;197
5554;191
1232;29
5442;273
2544;1
7112;36
6963;148
2894;310
8583;40
9856;153
4011;121
4257;295
1002;195
804;263
5925;286
2721;209
12311;303
760;232
1169;15
6386;155
1051;287
13740;67
2454;128
12246;177
11660;246
1614;277
13375;171
5921;57
5406;176
7262;311
7205;132
5151;166
5917;311
13636;14
5498;97
13071;2
4083;277
1244;35
12004;126
12525;268
773;274
7113;275
13319;253
7612;122
10389;296
337;291
4022;271
10578;151
13948;27
13046;82
10773;188
12547;64
7826;290
3803;103
13138;141
3817;104
5074;145
10711;309
777;53
268;174
5580;199
9942;309
1513;144
10961;243
10761;240
3274;269
6817;83
10356;123
3080;261
4563;141
160;73
7893;181
14209;155
2856;321
1920;164
7497;242
2120;139
745;34
11709;211
13050;242
3553;290
624;249
1954;144
13910;255
2209;199
11534;135
1688;323
4817;316
1832;224
2396;78
2409;216
11801;118
1615;211
13252;111
8968;111
2700;120
2279;126
13027;144
11939;122
3841;274
7827;237
3271;297
4561;62
8360;133
13179;138
12424;263
12625;56
2827;274
8983;325
12560;275
13465;94
5745;107
2307;81
1947;199
6396;256
1372;61
767;56
12623;303
8398;138
7500;126
10613;182
8067;7
4939;49
8940;249
3899;114
4955;82
8326;201
9490;56
1726;160
5148;129
10182;148
7919;245
9847;164
1156;53
7539;173
8744;103
12601;325
3212;216
7966;142
3711;2
1158;261
2639;86
5582;58
4686;13
2033;168
13492;15
11897;138
4731;199
656;110
5086;21
8969;272
7868;93
1112;86
3732;297
567;320
5057;93
7105;107
1294;223
13213;154
5671;85
1192;47
9681;68
2211;177
4440;149
1035;39
9764;117
2248;303
275;278
8137;324
8497;51
4235;281
6175;133
10302;297
6338;34
7550;98
2476;174
8522;177
10720;140
10992;135
91;120
1397;78
5664;90
13007;149
6638;268
11571;98
6077;254
12601;154
14004;81
7004;205
2958;11
12893;307
11008;53
13667;109
3057;271
2995;219
2647;82
811;308
11463;246
9014;183
2320;101
4372;12
11368;172
12579;262
3786;217
8751;239
13858;93
1048;268
1339;104
9388;286
5151;141
12094;251
2710;30
4062;16
7729;285
3146;140
12621;206
8495;111
10413;177
7562;259
9785;105
10348;305
7844;39
12241;323
12271;169
8183;103
5861;308
10821;311
8048;129
7636;147
9818;312
13459;160
4555;75
4355;254
2570;50
481;38
6467;259
9724;179
4462;220
11508;75
3056;147
13937;259
9564;47
6824;204
9450;17
6261;175
1821;232
7058;109
1333;274
7510;34
1927;61
6213;236
13576;94
9721;213
8356;191
1711;20
9966;8
5662;224
9181;309
645;209
3102;51
12853;176
1780;71
4081;190
1336;70
9608;289
7303;110
2249;220
11435;288
4845;109
10058;309
6152;98
10643;54
13932;284
4449;3
13715;312
13733;98
6152;57
1943;153
10100;150
3312;97
9412;170
12716;28
7736;20
1302;178
3084;239
3590;94
129;197
13992;112
9480;22
8760;169
13452;247
867;260
10967;219
7253;203
1637;178
9351;318
10402;203
4127;307
2803;74
247;261
4107;309
3546;297
3413;245
73;142
11180;90
8470;8
9479;61
7129;260
5093;149
6999;296
1609;161
9362;202
5932;19
12024;264
12168;61
7953;138
3153;90
9376;124
1056;183
1356;36
11238;78
10416;190
10856;146
757;182
9222;132
7516;33
4136;203
3866;52
7051;202
5325;257
2038;230
3502;133
5312;1
3876;174
12872;140
6417;194
8924;3
8789;174
4521;111
10804;137
14161;130
12215;196
12595;276
8285;66
3291;180
8341;107
1863;180
1431;42
10422;116
10026;49
9271;247
3327;175
4420;18
2814;166
2645;95
6087;153
1764;277
3649;50
3083;96
11868;169
6404;312
5035;122
3671;278
3985;77
3522;45
7523;309
8086;9
8599;101
4498;72
12220;192
11254;34
13597;243
12917;137
13379;105
7266;141
2316;239
9159;123
4695;226
7682;99
605;140
7508;214
8424;268
13927;142
544;52
4013;11
3930;9
8573;1
10821;313
14071;18
6843;87
13669;157
13783;3
2466;271
873;255
13876;71
6604;97
5163;160
13033;43
4595;146
9124;6
11810;60
7769;182
12735;7
2417;128
3258;325
2873;204
10846;281
69;76
10717;44
12713;74
6686;82
14131;53
5628;306
10673;99
11896;260
8370;92
12638;7
10480;201
1935;167
1242;94
7225;213
1989;160
12305;218
1264;240
12880;17
8795;112
6625;265
6013;101
12521;50
8270;103
10105;302
8797;166
5780;48
10522;70
5991;276
11614;266
10478;289
7016;71
5606;269
3728;27
9792;191
4209;170
13990;46
7824;130
6365;179
5684;46
6547;192
5548;251
1618;245
9487;123
14128;226
3550;259
12460;2
5178;142
7979;109
13622;196
1164;10
14042;71
9731;308
10522;28
12675;224
1214;220
9277;14
13909;30
2707;197
11097;129
11549;44
13663;29
4157;218
2662;225
8650;94
10626;34
887;98
1090;105
12641;304
3497;161
11292;114
5189;216
8263;245
9200;141
3617;150
530;168
678;278
71;264
12540;50
398;53
11960;128
5179;33
6647;49
8347;167
1461;140
8659;273
429;312
6233;317
11352;10
9832;101
3628;275
8740;161
11765;79
12;286
4710;7
5428;9
11529;253
11295;234
8490;111
12707;38
2827;174
13254;240
10236;149
4671;44
2516;168
13575;105
6648;80
5664;106
6087;147
547;6
2202;54
7690;240
3931;10
9925;203
8299;103
879;221
5942;267
4931;8
12266;64
2094;230
11041;205
8096;54
3555;225
13100;34
10424;272
9136;189
12431;89
6790;121
1438;50
13555;204
9940;307
3030;17
332;25
11548;119
396;73
13525;188
5768;281
5524;314
3198;200
9419;259
10208;240
11446;315
1988;73
11540;114
925;315
10058;311
11308;269
10731;49
741;264
2652;252
4388;249
11795;308
12227;119
13420;84
4348;242
3647;207
10080;171
1443;215
3252;194
2719;226
9091;120
13666;239
7379;279
13890;325
344;241
2492;137
8924;252
823;209
3483;104
4979;298
8915;47
12570;306
6089;285
2165;128
8587;229
5021;79
13661;90
10168;152
8901;11
7521;251
3819;121
6320;233
3475;78
8494;177
6789;81
1293;194
7472;23
1949;83
300;118
259;119
6266;267
5049;106
12216;165
4675;4
12756;185
10634;154
2340;32
3366;141
8567;62
2154;300
2327;10
8632;283
4319;191
6979;22
9826;282
3856;170
5775;125
7363;303
8539;96
9345;190
10258;57
7226;305
266;138
3094;111
5025;261
6102;109
9375;256
12309;286
8767;141
2107;232
12855;204
6020;291
11620;199
9735;232
4911;144
5702;242
12458;264
13497;121
2246;22
13269;34
13274;191
1210;124
9855;163
11108;79
5618;251
6385;2
11477;148
11274;172
1680;270
8662;152
6794;71
7444;172
8914;266
2004;42
13139;69
7028;242
1170;177
3554;63
9907;325
12120;38
1144;199
6154;227
476;283
4429;26
5100;289
12635;225
9078;65
8136;112
11749;81
11810;37
6104;252
12963;237
12885;15
5885;82
12029;121
1379;118
12503;179
2391;228
6868;264
9767;29
9972;32
2534;13
7987;310
3697;233
9551;213
9131;174
1843;2
13272;263
11813;154
7428;300
1967;92
6064;142
2377;24
10564;36
10146;206
11872;112
13134;131
13548;195
13025;190
12403;109
8725;215
7727;303
8283;252
6694;284
7909;268
3540;142
3767;146
12962;212
6299;325
10760;6
1868;277
14132;93
9243;306
14007;17
2659;112
9153;297
5096;249
13541;286
11867;86
3522;241
8118;18
8489;303
11410;210
7465;223
4983;9
10473;62
12832;55
2951;299
10584;282
12916;19
104;219
5524;2
13849;222
6472;132
1714;204
8867;67
2942;180
11651;244
6266;185
9417;90
7958;315
1848;156
1369;81
4151;172
7969;249
1203;112
4854;127
13910;322
5377;135
1890;92
6691;167
1712;20
8367;38
12533;115
12;9
13760;311
12699;28
13621;51
11304;291
8374;116
4133;254
11382;227
6593;1
9802;131
8770;153
700;214
8481;127
7186;174
966;238
9609;161
10113;218
823;38
11319;62
12054;86
12797;211
6374;77
14144;275
7143;260
9788;254
11401;20
11751;53
421;282
6511;280
8826;40
634;237
7306;91
8771;313
13764;43
8810;5
1022;82
5446;219
9504;250
12607;40
12759;189
7687;206
12269;257
11411;175
8020;137
5945;74
9450;14
13189;91
3595;35
7519;85
1383;122
1809;138
11273;320
200;122
10072;152
7849;202
4742;305
12370;68
2080;137
34;161
5440;179
11773;125
12678;313
5046;234
4140;230
3111;278
1348;279
5558;102
8268;278
607;288
10425;312
6547;178
14181;315
10866;301
7225;162
8857;226
4901;29
131;294
13062;248
9799;183
8626;252
337;277
5183;323
13455;107
7146;276
111;248
5913;39
5591;119
3478;179
13534;75
12550;140
1491;118
11880;201
6109;73
11338;79
10179;119
3570;165
12826;7
2926;308
10699;216
4625;223
2915;166
8432;134
9707;41
14126;55
2575;248
6400;99
9859;270
9589;221
12844;226
4287;60
13237;107
11207;180
12354;71
4017;252
2530;85
10119;109
12619;219
7195;83
12687;227
1442;20
14231;220
13767;31
4282;193
7943;262
9972;33
5612;268
12974;217
2507;299
1627;141
1730;92
14145;212
3407;10
4001;288
7602;70
13413;83
713;261
6871;166
8882;5
14183;166
1594;301
9313;15
3306;252
9408;190
11221;220
2586;51
7824;321
1546;185
5193;80
1676;269
6691;209
12462;242
8516;288
684;266
194;209
3002;143
12542;196
3744;160
13105;66
6319;280
2700;146
2750;182
3473;234
12058;31
4203;56
3997;208
11378;49
10418;158
9426;183
13795;52
10421;147
5837;258
8396;12
658;135
3647;315
7540;141
13967;317
6718;123
11051;247
13929;23
5737;149
4588;83
3136;269
13871;126
13509;250
5910;312
9711;133
7455;293
504;219
444;188
3647;12
11068;101
5013;240
2492;124
4190;285
1233;44
5073;145
4952;283
14190;1
8199;316
556;305
6850;205
1527;67
1232;212
12158;172
13101;298
9752;168
13171;267
10615;311
5544;59
10942;243
10498;84
384;282
11470;289
6660;156
9531;78
12123;180
974;176
4497;275
325;249
12216;98
10286;70
9435;28
2407;51
9409;130
824;271
5685;13
4445;67
4163;96
2648;55
3319;176
11116;82
9100;5
2081;304
5378;160
9766;72
8200;100
6058;29
2198;121
5339;159
3911;171
7092;26
405;137
12427;178
4164;230
8950;156
1877;293
11319;28
7668;260
7384;274
6152;85
12818;293
9051;274
959;39
5413;180
13141;294
5972;215
1881;10
1131;137
13233;277
9550;230
10960;29
13950;34
6213;166
6572;124
14197;291
11023;8
3491;177
11329;60
696;222
5258;181
13612;89
9152;54
1830;43
7009;257
10130;13
3024;213
634;95
10162;11
2997;62
6154;132
10477;147
2007;127
13789;27
8865;287
3348;172
2312;3
5590;244
2335;131
4201;231
4049;269
10539;169
3194;278
8212;245
7987;280
10533;124
10217;272
8112;54
10007;196
8447;39
7436;45
9034;46
5576;227
8129;15
9465;42
5287;181
3706;156
5513;56
12383;129
11758;268
13481;157
12598;229
7963;35
7549;72
6489;297
5944;323
9858;23
9145;253
693;280
3178;230
10534;221
3821;247
11106;320
3794;67
8091;138
488;271
11318;49
1057;42
8747;238
10406;166
1075;95
11970;148
10763;240
543;9
5474;258
7495;291
253;173
4920;49
8536;82
6841;30
12452;127
5723;265
4800;81
13855;282
1974;41
7103;154
1111;105
11234;246
12482;204
627;142
5660;259
13985;81
11724;112
11065;222
6456;224
12337;83
5913;198
10242;230
5832;167
3997;109
6465;155
5381;264
12753;294
2131;9
3271;4
2752;245
4459;40
7283;114
9857;263
8235;82
11758;66
13137;303
6381;195
10342;159
2465;56
2618;193
5263;165
9728;89
2004;264
2661;37
13384;113
9732;109
7106;172
12379;153
2501;222
8044;243
13138;180
2241;61
10359;247
462;208
5260;264
11665;168
74;108
2967;237
448;277
7183;22
5476;192
10064;270
8919;150
9776;315
10661;273
3801;211
12264;121
2552;230
1538;147
13695;247
10359;5
1721;233
8617;251
11896;106
1591;111
6108;64
392;137
10902;305
8855;13
2609;167
5558;111
13704;63
10619;289
6543;160
4255;294
14008;18
613;101
1287;159
7119;263
519;245
6724;93
3972;197
10380;302
9007;34
9145;240
4456;19
13965;164
9289;34
7624;2
6081;111
12317;290
1690;183
2692;33
12523;173
3123;102
5801;190
12961;144
2275;89
12653;184
9034;12
12792;256
13663;239
9415;76
1837;44
658;28
10590;90
3734;293
5814;245
5874;13
3537;275
7301;82
5620;175
7151;323
12375;238
13187;87
5635;192
5718;105
2991;190
11463;44
5964;209
239;17
2063;191
1746;93
10046;247
6236;36
3993;152
8835;125
13328;325
14157;55
3255;246
2625;162
10916;321
8625;201
6555;145
2886;324
4451;232
4256;184
5554;38
10061;306
7888;38
4898;138
5600;32
8345;74
6194;202
5332;190
2524;249
12427;188
2352;121
8903;143
4780;325
13042;42
1966;29
10146;172
364;46
5149;277
10342;202
9098;82
4400;124
3285;119
8403;170
11995;193
7396;26
11976;282
11250;139
8069;79
13536;47
3838;29
924;249
11832;265
7333;204
1570;254
3276;315
10960;237
12770;170
11222;17
12838;310
2643;128
2564;279
3011;6
14042;25
10493;248
2718;6
8300;147
11641;170
4630;255
12694;206
7186;277
5379;287
11693;65
7054;248
4244;185
12420;154
12283;242
2307;157
6968;268
13827;206
8277;249
12669;276
2770;261
10146;184
4397;257
3488;236
4074;151
7470;186
13755;139
8375;73
2363;10
11372;107
8570;76
13883;317
13421;22
6068;51
11466;93
7111;56
7446;238
7271;121
12792;236
1280;256
2400;54
13111;224
1255;66
13389;296
1126;37
4550;154
737;268
13051;160
8722;189
11791;9
9605;135
8860;197
5060;218
1963;296
9244;102
8166;63
10088;264
14206;237
12587;243
6512;280
9752;139
12805;191
8577;68
3679;74
3087;267
13431;95
9178;134
2604;149
1258;95
2198;21
4999;30
7632;181
6109;224
9600;215
6444;294
113;249
8642;251
9691;158
360;197
12370;223
8581;145
2176;299
3369;176
9860;236
10295;145
9450;210
6238;162
4553;130
8755;140
11331;185
4625;297
6175;205
11154;253
14215;305
4439;109
7580;5
11277;47
14000;321
11629;61
8993;88
4432;318
5171;175
2724;283
13202;49
5673;323
7928;31
2120;13
11686;316
12577;221
2575;69
10987;40
5011;58
336;161
2497;96
2086;115
2522;62
11901;219
3491;273
118;84
8822;42
5850;50
7283;313
12020;204
7949;257
4145;130
13828;105
11414;39
4130;195
1508;14
6246;302
10317;41
11589;79
10173;83
12611;30
10858;188
10915;70
12127;194
10559;92
5268;308
330;125
5104;32
13724;72
5051;69
13670;38
6769;276
7890;126
8897;93
633;228
5060;225
47;203
12807;199
4108;317
315;199
776;134
4457;307
122;314
1644;222
9558;55
6850;38
2777;81
5345;266
5777;257
10230;48
8949;279
8975;314
7353;33
7422;66
8148;194
11355;119
12699;40
4228;286
4108;97
2916;211
3283;233
10066;114
13822;284
5713;262
7419;144
4150;240
11661;301
11119;239
1529;192
10228;260
1057;105
12718;31
358;193
6946;84
7259;226
411;135
12083;88
12597;48
7423;157
973;225
907;93
4721;258
2849;263
4892;74
9406;178
10972;310
7669;204
4023;36
11065;310
6445;154
6849;303
2299;31
4407;184
8623;39
14127;320
5548;122
4210;239
8352;121
11877;13
1273;6
11798;320
7835;148
3017;319
4476;177
12406;323
8010;35
2623;191
7826;188
5013;100
7768;16
7302;301
8805;158
12710;59
774;157
2803;199
5070;114
86;194
10286;139
13232;21
13564;66
8268;250
743;184
1955;146
190;110
4228;143
7135;25
3070;297
3726;228
10403;21
12323;68
11485;66
11398;217
11864;214
2945;19
3649;253
8105;29
13158;110
1033;269
13304;193
7289;140
193;300
12636;260
2074;103
418;147
8391;235
4482;283
14077;238
10998;68
12902;287
12231;60
3967;262
12765;18
12270;214
7774;311
400;183
11210;320
13784;141
3528;53
11165;246
4894;19
2427;101
13730;302
6665;15
1617;75
8785;239
13618;75
8667;180
9558;108
7184;249
12386;300
8045;65
1817;125
13113;194
14098;66
9931;69
3233;112
6148;217
11140;217
1456;71
1308;83
11226;90
11443;123
6260;309
9257;287
12566;252
13927;103
4246;247
11182;106
2506;246
8805;80
7308;224
3949;244
1134;16
4753;184
11092;320
7625;6
4997;46
8183;321
8768;191
13286;297
6309;193
975;71
3091;196
8422;54
3642;274
1040;235
322;227
7322;308
947;268
8239;267
10966;225
8621;57
6927;74
6337;300
2350;110
6195;264
14049;20
10141;14
13368;314
10747;325
6647;286
10353;25
9999;27
6085;72
7201;223
689;276
3654;147
2596;302
1133;126
10242;183
5426;272
12511;95
13444;10
5305;273
2304;85
7698;52
14070;18
13205;121
8259;29
10019;257
13189;232
2754;219
2363;102
13705;301
12181;158
9179;196
12772;300
7052;52
11252;103
6821;197
2200;189
5671;132
12258;276
4409;189
11931;131
13658;274
7545;125
9860;273
1613;263
7157;111
8544;245
7670;147
9708;24
7432;24
9803;209
4241;14
3001;325
3815;102
11358;68
132;264
8883;53
13702;66
12597;173
1105;134
14194;75
8115;179
11963;46
4561;13
1221;235
11354;228
3486;112
12177;17
7019;140
737;138
9840;220
12667;224
7788;203
13828;50
12153;26
8959;196
3788;81
303;269
13905;143
9535;74
5034;134
6712;286
5057;181
4496;198
10331;281
5161;74
2206;228
2090;162
12378;215
3392;43
12746;271
11938;284
11616;299
8109;125
219;113
13589;274
5234;169
7504;283
9594;100
5700;304
5282;96
937;274
6322;160
8300;307
6141;244
11794;218
10841;126
10451;293
1106;304
785;202
9793;180
3632;303
13590;182
10243;145
4560;325
13750;284
6871;156
12822;321
5739;201
13229;237
2489;5
553;261
8171;310
11763;275
10722;110
854;187
7883;270
10546;299
3996;299
6897;268
11240;121
10140;293
7289;90
116;297
3660;300
8046;241
7708;179
4491;6
12810;94
13964;55
1151;93
8210;63
99;187
12283;211
10953;293
9351;305
7945;180
7350;49
4954;220
12893;140
1176;228
2296;155
12667;82
6114;263
1852;176
12837;253
4602;120
11177;32
2277;59
7249;195
6307;127
1480;1
1922;220
11117;151
7117;173
7395;319
1470;11
3483;220
13255;40
2758;193
702;202
13832;155
5023;20
8770;118
7593;2
1456;82
7063;30
13067;275
1771;105
10028;2
13592;126
2019;291
5256;170
1446;36
11122;234
5873;319
1967;68
12889;100
6101;11
4905;7
11376;168
7200;221
7147;272
11663;272
1817;124
2896;291
9824;93
10302;38
978;173
8242;241
11078;88
10794;70
2253;46
6600;234
8294;117
8834;190
2268;298
5072;321
2146;316
11718;289
11850;210
14183;287
1794;225
6758;154
2919;257
12526;240
1455;192
8289;100
341;72
11822;276
2613;316
7515;213
14045;72
8160;77
9684;80
4638;226
1828;208
11843;294
5560;141
7560;166
7912;212
6228;260
2945;124
7530;150
13508;140
376;138
11753;253
1431;157
6989;100
948;197
12931;48
1815;321
10266;100
1111;67
5435;106
11208;99
1438;75
12586;251
729;223
3517;211
8866;265
13782;220
13330;40
665;192
3640;167
10234;286
1528;152
9592;203
411;297
5208;14
12489;151
8960;317
689;83
3454;251
11550;165
12370;191
9688;149
7045;96
1044;266
10873;111
2258;59
8784;179
8321;257
10929;135
937;278
11384;71
4231;81
8957;297
3670;162
11584;9
14091;265
5954;297
436;84
5239;102
13399;125
11776;135
7527;126
10475;37
1707;122
5921;252
5671;182
6359;158
1815;4
9686;225
11578;69
8108;135
5844;118
6197;273
12620;156
3661;173
1211;286
12390;27
52;251
8322;68
10635;229
9240;250
5957;33
9145;41
3351;212
10304;309
3417;152
1237;291
13642;21
2909;116
9079;55
13138;273
1207;94
13118;256
7905;291
12210;302
9954;57
12890;104
1320;61
5660;98
727;316
2775;10
10660;243
6196;25
12733;104
1736;278
2035;215
488;279
13011;46
1108;106
6816;3
12731;150
14108;306
5866;314
2864;296
6155;267
146;208
1801;56
7080;130
2135;208
3094;11
13505;316
7407;95
11904;121
10240;24
10667;151
8330;228
5624;46
9534;305
14050;131
1193;170
9920;126
8852;115
1194;171
6082;135
13961;23
795;142
6302;289
14153;91
2722;173
11506;213
10545;225
3190;73
11017;8
63;139
10186;199
2602;138
11718;43
14238;262
10289;39
1888;196
7883;23
1228;282
13933;279
13577;323
1978;324
9000;139
12783;278
1210;51
10478;151
238;169
289;176
8735;19
6864;19
8056;12
1875;83
932;159
8094;1
8836;300
3173;3
3615;53
1051;43
10869;108
5727;109
5396;12
2746;51
1831;166
10781;127
13012;83
9630;228
6758;278
11259;140
4468;103
11658;132
5254;171
13042;6
12190;118
6852;283
6106;56
14122;78
11955;174
4677;106
4828;19
1487;202
9973;61
8810;75
9024;324
12760;279
9597;103
2792;294
4937;92
1437;67
1508;174
7598;196
8374;59
2035;25
2735;197
2077;83
8816;292
8630;197
12392;137
737;137
13325;118
3296;55
3707;131
7139;211
10093;79
1097;234
13343;10
5865;139
11166;297
13325;214
779;229
7334;255
4211;66
7417;50
7963;183
3486;195
7132;118
4411;202
10268;222
13183;152
6120;274
5902;121
6685;145
8859;325
864;2
5067;214
1017;202
10419;2
10076;283
6537;241
3174;269
3385;1
13601;70
3132;133
7377;224
11066;226
4706;201
6913;12
8698;82
7763;156
2801;209
13918;173
5442;38
7404;274
9061;291
7452;301
9908;171
13411;38
1079;251
10559;259
13275;61
11682;156
5319;95
4388;293
2440;302
6817;148
13664;306
2771;3
5052;34
2394;110
11559;156
6083;304
7536;115
3344;75
787;28
1861;315
11247;278
1837;229
5091;194
6687;105
13657;174
11285;10
13005;166
1085;248
6210;113
6300;187
12672;132
3996;53
7573;109
11545;51
10248;27
9581;243
11590;225
11843;215
397;280
4767;22
10649;17
2285;167
2846;103
2151;321
9184;129
8772;65
14175;192
12760;180
7382;177
13984;1
532;287
12337;301
2230;321
10802;61
232;141
95;144
11058;10
1763;135
583;127
14055;99
4585;177
7271;170
4765;91
8551;223
13506;314
1078;76
9052;120
8724;41
1604;214
3228;29
1223;301
1598;16
168;254
6706;177
2907;222
2714;244
5177;76
12563;156
6497;169
13179;102
1236;189
4688;283
5367;16
3646;63
9824;161
7774;204
8973;190
5740;55
10218;21
11218;319
2630;2
12770;75
8855;118
6839;53
7135;18
5881;175
11435;67
2564;238
7411;298
2722;142
9024;319
3468;197
3781;235
12307;168
9584;50
9011;164
8887;273
12202;70
3162;5
10728;235
12834;135
14023;168
13321;106
3074;178
2321;104
1382;100
5540;226
12855;237
8122;142
7345;163
1226;76
6067;230
426;58
10194;27
13877;226
9345;235
6729;3
4687;265
10591;227
3148;24
7405;248
11955;248
5674;13
13175;219
4631;254
13074;113
8098;125
11275;302
7557;111
1098;180
2487;18
515;258
11147;318
2806;217
7023;83
1898;223
2688;270
6414;320
13522;44
3964;42
1019;214
9177;67
328;90
8896;219
7990;293
9289;291
13974;316
8063;220
14129;177
2128;235
3718;141
6093;285
6006;150
9512;217
7824;267
12855;222
4834;38
1550;90
9272;234
11766;55
9612;299
8267;27
2155;58
4277;34
2420;133
3625;12
7826;265
6320;309
1276;165
5873;32
11685;100
7625;99
10218;25
12907;176
544;225
9665;218
305;49
7394;79
10068;231
10296;262
9071;114
9967;67
5260;127
13723;134
10132;239
7430;190
10093;261
12313;227
2598;323
356;130
12876;64
3825;163
6542;31
2142;170
7395;84
7582;83
3350;32
8769;247
4684;25
852;229
8883;318
6000;92
12731;76
13718;275
4143;302
7971;78
7960;53
5936;95
6725;209
4274;121
11984;243
14258;166
5920;211
2070;256
4427;161
1083;124
1455;308
10503;113
5511;104
713;204
2467;211
10103;45
1003;321
14022;94
9660;110
4700;195
8318;178
10028;86
4039;9
9974;29
10849;138
126;156
1995;47
7502;203
3498;324
5660;225
4744;295
3919;201
12340;118
4576;192
397;218
6835;215
7245;181
1576;38
5567;276
3612;143
4205;72
2999;287
12492;177
9611;139
4990;95
13039;123
3799;8
9412;103
7175;302
10473;86
6218;234
13225;128
1542;125
12194;117
5957;287
9437;166
9365;106
5660;139
5889;55
1858;55
11386;12
10599;319
5879;240
1417;320
10697;46
12987;230
1472;51
822;179
953;132
3832;228
1654;259
13414;102
10090;63
1808;35
13282;16
1608;12
2233;13
273;251
4493;60
3670;43
12824;269
5745;158
1903;123
8261;49
11950;47
6112;109
5565;257
9374;184
12416;264
9098;28
12667;132
4467;270
13594;3
10293;72
3793;309
7704;264
8043;308
12637;162
10003;52
11611;16
4120;123
7373;157
4854;163
13150;16
11938;220
506;144
5831;300
3968;90
5096;128
6590;226
11721;319
6693;57
2629;134
13198;201
3342;23
2449;319
14227;144
365;123
11663;231
590;191
4331;247
10002;286
7752;124
1182;290
504;141
4256;275
10735;194
5117;113
8582;319
13001;16
8513;275
153;287
10276;77
4984;313
1129;99
5454;90
5110;71
4450;6
893;79
1452;184
2700;11
220;174
11344;127
9050;30
4063;195
9000;157
6566;244
9031;58
8606;309
4821;182
2741;225
9360;279
4634;325
7696;318
10157;56
11507;266
12791;263
3907;311
7614;100
13243;311
7095;320
7269;141
11859;110
10375;312
3406;200
7212;208
967;67
4143;276
7931;202
9744;262
5447;194
4250;200
7070;10
2747;185
10828;258
4998;195
10861;165
6900;225
8433;77
10682;139
10595;131
3315;54
5908;146
13743;82
5448;89
8798;113
6204;121
12530;254
1349;234
11604;194
4075;248
8360;23
11222;81
3592;250
2929;158
3942;24
3310;26
9502;34
1531;170
13018;4
8999;185
14119;302
12226;120
546;199
4822;126
14146;171
9350;247
10250;324
2670;221
9928;259
10249;244
12962;320
9189;268
2315;147
9652;302
13880;233
8555;114
9509;74
12394;44
2261;164
1368;322
13980;234
12477;292
6695;316
11864;303
3838;156
1971;40
4088;280
13462;11
10968;128
7279;72
13726;76
4111;292
713;153
1640;23
6031;197
2822;8
9015;106
10703;148
1286;251
8001;151
14017;197
13687;320
9820;122
12517;194
11296;322
2511;125
11732;219
6602;240
925;174
3318;294
12600;68
9735;260
1327;17
12846;74
11151;206
13193;315
9370;184
2880;183
13370;191
12687;246
2100;1
14197;69
11032;179
6282;95
14217;63
1498;51
3176;86
9840;148
5483;27
7454;144
8271;288
2011;65
1761;4
14165;111
8370;33
12925;243
3134;134
3106;33
9230;182
11337;280
10899;236
6807;133
11258;90
10595;271
7627;256
11178;105
11668;164
2731;301
11034;150
9282;249
3149;232
11168;318
4492;140
6492;90
14109;63
4712;131
8361;235
3927;277
2820;89
5654;222
7183;68
2835;139
5019;238
6650;86
2617;171
3178;275
7673;226
10885;210
5640;119
13070;233
9177;130
13215;290
5598;55
6321;63
3989;185
1594;188
12817;325
1965;10
2319;27
13314;46
9078;129
1538;190
13919;136
270;248
4300;41
9846;94
1806;130
6379;54
12200;34
12904;309
6645;304
4458;238
10260;241
12933;305
11850;256
826;311
11973;102
6206;301
8919;111
13062;71
2218;298
13788;289
1873;279
8558;230
4064;284
12538;230
6170;213
84;136
5907;258
3537;62
13410;305
8608;195
5937;21
2681;260
6640;212
11844;130
7444;144
10286;319
11564;297
10197;162
12109;119
5713;158
53;279
10593;101
6504;170
11934;188
482;204
12314;13
11206;91
2645;178
13190;306
12024;40
7410;85
1048;44
11336;125
10961;215
2708;152
694;150
12718;204
10422;284
3695;57
9434;189
12428;50
6875;220
1105;44
2763;22
11168;184
7862;144
7986;92
9696;310
13176;71
10278;220
11478;130
2639;13
10326;209
12784;310
9217;57
11521;279
12103;184
8425;116
9655;167
12544;2
6113;3
4642;120
13343;317
2314;226
974;27
3860;12
14134;307
9801;80
8490;221
2443;27
12150;237
2321;73
6937;285
14240;295
5588;136
2515;193
1547;170
10633;211
4076;252
7439;136
9539;139
9193;62
5007;271
1;58
6915;215
6500;266
1495;254
1432;37
11195;234
1301;53
9320;324
11617;286
4502;22
5989;127
11397;300
550;12
4694;69
2329;277
13620;321
10834;128
4394;7
11109;219
7787;108
6030;195
5779;7
6862;277
12426;131
6966;89
1710;300
13977;176
12823;131
2769;14
2682;47
8796;50
7769;164
13986;41
10633;309
7431;180
11580;15
3644;75
12121;139
13302;293
12940;111
3064;34
14173;216
5905;89
6062;272
11909;33
11450;235
12885;16
9032;296
11056;200
3345;223
13587;246
11777;103
4978;75
3692;296
10315;310
9210;37
11507;259
3191;185
3890;149
1106;136
5024;238
2199;325
7642;308
7453;312
8240;320
9047;66
1219;91
10544;74
1050;193
5467;182
2853;233
12090;287
5338;148
4585;53
8543;15
9678;49
9427;45
10698;120
6023;138
5638;149
9236;100
3918;173
5242;247
2706;84
3011;279
13383;72
12469;177
9012;239
5689;85
1865;25
504;323
2537;144
10063;289
7580;139
9808;232
5070;144
4118;13
11601;239
374;201
5252;293
9151;306
6646;31
13353;51
12543;163
8905;314
6980;3
12512;209
12339;317
1805;322
2865;284
6977;295
3838;205
457;161
10109;313
5887;22
5970;228
2012;16
8562;76
13644;197
8309;32
10364;271
12814;222
2040;197
12369;212
8030;322
2895;176
516;253
4587;163
5072;190
4957;234
7006;323
10984;191
9061;325
7557;38
7863;271
4099;255
7175;127
4492;272
8377;296
13642;177
5052;43
9397;182
6796;324
7448;26
418;306
6327;77
104;287
3259;242
2105;113
8091;84
2242;102
2222;27
11909;132
9591;61
11898;189
5810;68
11149;171
9633;177
13504;278
11415;318
4812;139
11850;304
11412;205
1012;242
11705;223
10395;143
2214;73
13251;311
11124;1
1814;200
14091;168
12582;66
7277;286
7241;102
4951;243
10603;184
1827;75
10152;208
10443;201
9930;147
13691;304
669;162
4776;76
5601;226
12097;296
3950;42
9442;132
9430;37
3702;234
284;208
1766;280
1789;242
5281;7
3471;216
2439;316
9434;130
7989;310
11033;217
628;209
4566;34
10684;206
4660;303
8624;159
9373;86
6644;302
12516;243
622;194
10885;119
6080;250
11730;98
5326;199
9219;248
5042;247
2709;96
5283;234
13303;34
3027;98
5747;134
7122;57
6864;174
1303;286
14033;72
3205;208
2255;5
12362;167
9649;210
13778;258
425;218
13018;36
6493;114
5930;313
13292;64
3636;145
12025;276
3394;76
1811;12
8660;315
13312;234
7196;59
14105;262
5838;3
14069;288
12728;298
5214;201
7437;75
4749;13
2681;249
8582;208
4069;11
7678;299
7242;214
6047;321
5952;306
5787;145
1033;27
10144;79
9717;248
4344;4
13185;213
11451;107
13863;98
6537;161
246;124
3891;322
5201;294
12293;311
7571;111
197;304
13423;101
704;49
274;157
11209;170
4391;53
3608;315
13238;93
11817;292
5211;205
4360;298
3255;225
453;135
12536;7
2852;38
8407;278
7795;116
2756;251
12127;253
2913;70
5903;111
10198;254
207;237
11956;34
5146;163
4026;30
5921;315
485;95
3981;268
1791;194
7609;102
2247;167
10313;171
356;199
10251;22
9106;78
12517;30
11874;122
10192;240
3950;219
12693;147
3172;164
5267;61
8951;132
11076;281
3277;295
4403;148
5410;72
12949;11
10585;227
10757;61
9756;209
1405;309
13645;40
10117;150
3477;202
8851;27
9473;83
11367;270
1957;265
1114;120
12734;79
10881;128
14031;278
55;226
980;167
13220;144
2420;49
8305;260
10011;125
8974;219
13641;10
8199;100
13841;137
13411;36
7554;240
3796;5
13250;161
82;238
6690;242
3800;230
8376;21
9888;131
2584;32
4973;218
3065;180
5388;175
7728;54
6935;53
2652;104
5605;88
13118;182
6657;215
12823;102
1392;176
9720;144
7525;103
2673;45
1600;256
1440;281
2434;26
5430;227
11171;85
4208;213
10515;58
9481;206
13300;84
8659;109
2930;172
11742;146
8183;126
8218;40
5528;201
8597;53
953;119
1963;182
10779;224
7240;167
8512;196
8811;169
8342;248
2295;12
3109;47
9034;187
11230;243
11656;193
5626;39
5880;231
1247;170
10527;269
12754;258
13102;295
10356;168
10246;37
9850;134
5596;153
12451;177
1368;13
3415;205
7;276
8983;235
111;76
363;58
12872;101
4239;87
3095;314
5805;174
9056;194
3169;94
11233;279
13612;99
11223;275
14161;82
3319;141
11469;32
7777;286
4680;24
7672;113
1854;15
6141;259
159;23
14008;274
6028;225
2806;38
7746;302
11767;303
5069;10
11317;201
3361;183
1635;137
3432;126
8548;138
5364;315
1664;176
7024;186
10206;136
1876;231
8430;10
14010;230
4980;264
1489;242
7088;28
3559;146
2929;197
2913;216
920;72
12945;240
5327;196
1884;41
3687;146
666;242
190;211
422;191
5207;220
9258;62
11173;215
7833;131
370;53
7540;92
2921;288
2418;300
892;209
5665;4
12598;130
9184;238
5862;110
6416;275
8461;146
10025;166
3667;3
7030;4
2647;103
2808;300
10976;153
1590;129
9438;18
7324;267
5555;152
110;188
13039;55
2342;77
167;122
10946;41
11379;253
12029;232
10357;283
13244;260
11327;216
1432;62
13211;186
1667;76
11028;111
14014;285
1702;120
11286;183
10408;145
6302;297
610;236
5079;262
8046;4
12020;44
372;267
7314;210
4935;46
1962;10
11202;166
10533;303
2020;31
8797;153
5809;84
14164;254
12897;40
5344;144
7180;313
12106;285
4791;16
3294;83
12090;165
8734;73
3294;83
13631;282
5012;47
1150;7
4386;27
12284;92
6389;268
12921;265
9056;72
7674;233
8711;288
11547;185
8766;143
1014;198
9187;126
6295;110
982;123
3102;268
13401;301
4224;163
3324;87
8324;261
14185;213
2588;305
263;190
12844;243
11982;208
356;317
3805;289
11954;120
2281;291
213;14
13208;136
1824;32
12151;67
87;294
259;170
10578;42
13097;289
6950;249
2978;47
2058;165
8591;26
4790;47
2263;112
14042;279
951;14
13874;185
1422;211
6085;151
7745;66
5147;30
11079;225
11165;5
961;61
975;276
12853;310
1061;153
9768;288
12863;265
6662;274
260;194
14179;226
3176;272
1968;128
13150;31
671;63
5339;44
9325;224
373;286
9727;39
941;190
3939;288
9046;135
3296;253
3813;256
8464;110
10579;283
38;125
9438;189
13883;294
3520;24
466;27
962;307
909;273
4764;85
12353;1
12482;16
11419;15
7174;90
4174;227
11365;86
6835;17
1118;267
8408;123
9975;47
6968;58
4621;82
6544;163
10396;86
4749;164
3403;23
8564;290
14090;7
11339;269
13887;299
6517;312
1878;244
11617;147
14116;280
7325;165
11426;294
2588;257
8489;81
5754;45
12897;220
7666;86
10655;61
7332;292
446;153
14146;297
6003;172
10179;195
12422;227
1033;300
5168;6
11758;193
4119;185
11607;236
7069;281
12244;203
11478;15
7079;295
10571;127
13014;112
4875;294
11718;217
4101;211
4878;253
6917;230
3039;184
1076;9
9353;168
1904;303
10328;93
5029;6
6893;221
347;321
11082;258
2465;240
11296;215
13048;45
5327;215
7411;228
11207;303
9889;53
3371;152
6187;304
9815;135
7596;273
4623;193
2599;274
10883;63
12187;140
6963;25
8789;168
13174;118
9752;279
4497;226
10560;4
12065;11
5463;256
521;113
13635;298
8527;140
11488;106
1520;76
266;71
7052;76
3160;83
5740;138
6881;234
8476;12
925;108
14089;133
4244;113
10755;182
13206;283
7747;204
4372;66
6271;1
6828;267
13267;214
6965;169
1585;246
6391;41
11663;150
803;26
12405;137
3304;55
13627;214
3091;28
7595;14
10771;188
3981;151
10770;323
7502;263
5712;268
4375;158
5187;114
14212;266
12847;187
12001;264
474;289
785;2
2325;270
10673;70
14027;235
14171;233
12729;5
3735;87
3757;184
12187;296
1403;257
9554;236
4737;218
13991;208
13839;235
6050;315
8688;121
9886;116
7121;282
291;158
5407;172
6223;191
3415;321
7217;167
10515;301
1988;215
9569;101
10284;111
8374;112
3974;292
13804;212
5862;127
9996;147
4258;64
6852;98
12369;65
12661;160
5690;200
1489;322
5757;170
1885;18
12112;238
10446;260
7095;257
2334;96
9278;49
1475;12
11070;313
5274;106
6433;162
8766;168
1680;305
8775;202
3646;287
1658;175
3791;174
10146;122
3778;210
12372;171
10421;229
10720;123
2161;320
1772;286
1794;20
2519;159
11898;79
1215;35
4584;182
758;1
4587;31
6956;117
1506;271
12396;88
2586;51
5088;65
7072;260
11669;120
13205;8
14225;48
5130;292
1121;105
4313;42
1590;288
2825;137
9022;66
6631;312
4027;288
4978;72
3145;43
10110;225
8555;318
12366;229
5053;298
2224;307
1307;175
11877;210
13379;196
8113;153
8884;304
6346;251
8475;304
378;102
12519;311
359;142
3076;204
1815;267
5486;15
8407;21
9977;8
610;91
935;274
11220;183
7164;126
700;285
11181;120
1036;96
9560;304
10163;246
10456;97
13499;188
11141;189
6351;62
7845;260
5041;127
7978;146
4150;91
8683;319
3646;271
13881;280
6863;107
14040;38
1469;209
6596;285
13920;199
12856;102
7320;289
7277;59
9771;127
14198;245
9114;128
10750;322
1660;309
13722;193
1010;148
12665;112
13251;117
1722;128
348;107
5408;314
6891;264
10313;233
1450;305
13979;180
806;209
8110;234
820;320
1453;41
1300;312
9625;316
6957;264
7907;236
2167;297
776;195
948;109
1611;90
1978;208
1038;101
5846;278
7287;29
6169;262
693;136
11015;118
8824;81
10074;97
3547;313
13835;120
559;185
12632;158
12211;250
10252;280
13946;279
6946;163
884;271
5809;242
8160;282
11553;32
8996;44
270;20
11583;80
1216;286
290;20
10550;12
1769;109
4993;78
9088;10
13570;18
14000;269
1656;301
11102;104
4778;163
10986;190
2888;129
4426;82
4022;277
4970;209
10438;51
7885;251
10467;205
7809;305
13739;292
8922;65
9397;264
11140;40
8317;277
10849;59
2919;272
11017;156
12618;197
14037;259
8893;102
10632;317
3866;160
12149;111
10451;237
4634;229
5420;79
9678;44
11851;91
4959;289
6673;246
13403;204
5901;211
1053;264
1550;159
5947;275
7710;299
4219;174
6219;276
9565;270
7183;80
14200;119
3636;17
13466;285
6379;109
6973;84
13783;21
9015;162
4648;161
12285;257
4814;106
1957;194
10175;176
6028;235
2277;46
6649;29
606;48
9040;305
10112;38
8669;310
9671;249
1108;35
10280;44
774;226
13470;51
5170;162
12687;11
593;278
12462;253
2167;57
11433;110
12935;166
5517;277
4308;289
11135;236
11874;75
8768;36
4348;160
7387;290
13558;286
5514;52
11441;198
8226;176
6110;29
13294;287
3843;99
3360;288
4039;225
13861;277
4709;163
12163;204
605;176
1240;181
7231;237
9692;319
11892;164
10909;80
8924;215
1518;205
7108;226
4822;189
1682;137
10757;5
9772;132
12991;230
10930;237
14150;7
13132;211
1351;240
2497;8
12837;248
8860;292
4782;27
7938;275
2889;34
12149;26
8485;95
2881;206
11935;15
9276;122
11535;282
12492;114
10469;302
11323;197
3185;122
10630;119
1516;111
11207;267
12361;109
11635;151
3314;120
7617;176
10419;209
307;174
5397;305
346;25
4173;237
2886;140
9896;192
1653;224
973;263
5342;12
6384;61
5475;59
9777;285
1465;252
5513;10
13537;132
4024;9
5860;272
10355;17
12396;298
3020;263
41;205
5915;220
3176;216
5437;99
9125;75
4607;208
12384;296
6032;149
8387;262
12995;33
3726;21
5456;203
13268;180
7019;241
13577;278
2095;119
7452;224
12510;71
5972;90
3788;160
5405;142
1532;314
3867;58
7604;51
4367;108
7905;16
270;121
9800;63
2891;297
6644;61
508;255
8438;300
59;130
7949;46
7725;243
425;261
6031;82
9098;118
6847;252
5525;127
11138;305
12550;250
2938;118
12671;166
2994;27
1523;170
5911;276
12700;227
2549;122
12341;100
2532;239
10456;165
13576;28
6063;14
661;323
7519;155
1194;305
5875;53
5409;303
2569;50
13865;73
12621;155
9537;212
3999;226
1827;121
9696;70
1913;223
6291;183
11032;180
12752;276
10027;253
2128;305
13242;146
11520;66
3652;238
13469;295
3104;34
3502;36
7533;303
518;107
1558;128
6660;92
9229;127
2104;230
11862;180
4278;59
12696;145
12395;268
3818;115
7720;213
13791;52
2238;239
9678;146
11246;96
4123;33
3121;80
11792;287
3053;293
7942;194
12346;296
12258;84
10680;186
6902;204
2186;133
3114;283
5630;215
5927;203
5260;103
1792;184
6948;121
11693;256
8661;282
7978;124
12685;96
3741;142
2556;309
9560;15
10842;191
4196;207
3714;241
1838;153
14166;225
11261;13
4404;283
7658;225
5127;45
742;280
7894;57
8674;203
11278;24
13892;3
5283;293
8599;170
5824;161
12560;216
6858;220
2229;19
1329;130
12754;325
4389;105
12331;5
4623;80
13759;304
3872;281
3491;54
8993;313
4823;272
12228;62
528;291
1304;119
8949;160
4328;232
2751;71
1518;109
1031;65
1422;311
6933;207
4727;310
2188;83
10034;175
2640;150
5336;294
11956;187
8145;57
1855;100
9589;124
6667;34
13210;52
12233;325
11998;16
9072;78
3271;52
7940;209
10276;184
11624;203
10793;3
12575;191
13108;172
6942;184
6706;238
4403;3
10823;114
3752;280
9507;79
7949;136
3561;272
10729;324
6517;153
6118;188
2982;303
13677;311
7040;97
9853;192
2178;80
5423;13
13703;174
9694;151
12478;286
11163;266
6394;178
4399;239
13671;307
4557;149
678;130
2629;264
5379;19
8386;281
9763;186
1356;2
3250;87
6060;258
4145;213
13414;243
4899;267
2158;72
2296;132
9032;187
13395;50
7984;257
13026;4
11564;64
6515;66
6555;94
6378;303
8983;96
10325;233
10294;41
7205;216
693;228
2108;269
8698;77
11409;302
1044;198
13594;144
1301;114
3939;151
9067;86
13453;125
9770;106
3115;299
2459;281
9885;29
3214;174
13662;98
3103;123
3478;87
13870;216
10817;129
4904;115
1790;230
13787;188
8167;308
1431;118
3786;234
491;111
4;18
4126;280
1888;187
8408;65
6787;209
10991;325
4832;85
6408;68
11160;46
8393;146
2440;130
5392;131
9254;244
1918;195
8056;19
12123;11
8835;246
12147;9
14013;96
11298;182
4002;19
1079;325
14;202
4874;304
9149;322
10300;197
13455;173
1059;217
9801;60
9718;13
12447;273
4502;85
13381;296
1690;44
9557;275
13539;52
12806;289
9287;7
4161;30
13422;159
6904;220
9310;151
969;205
11041;198
9084;197
11947;172
4987;159
5411;271
2010;106
13935;19
13348;21
6580;265
8044;166
610;83
4401;224
9123;45
1312;13
12586;136
5390;128
13326;138
8755;233
5561;291
10160;268
8077;123
9815;191
238;302
14079;86
9154;282
2260;47
12708;256
1234;290
2066;160
9219;279
1966;189
11165;108
3248;95
6719;45
6991;248
5346;209
10608;133
5401;65
1230;246
1191;178
186;174
2380;175
4066;44
674;205
5853;38
13714;210
3893;163
14063;277
244;231
4394;299
6139;154
966;69
8061;175
1228;277
5776;169
3562;252
5931;33
6718;51
10796;133
6283;144
5937;22
11342;29
5655;154
13063;315
2140;293
7187;253
2087;4
1493;318
3627;104
14106;205
10485;271
4140;214
6580;10
5834;282
992;99
4573;299
12622;316
3311;309
2363;127
7010;175
13471;103
6732;309
7617;272
8261;162
9570;70
6194;82
13996;228
11271;185
9972;149
7600;244
7413;185
1957;65
4465;178
8026;246
770;301
4147;301
7599;297
9248;223
4665;289
7964;3
1438;32
10856;192
12688;248
9240;197
844;217
4590;265
10262;252
5057;235
11923;126
12806;239
2743;232
7117;26
5980;93
10148;321
7490;130
2735;313
9593;83
111;179
8906;53
2335;164
5963;308
10768;323
6322;39
8126;243
11599;153
9005;176
13923;8
7536;120
8023;201
4942;285
6807;163
6002;141
9587;42
9804;283
7633;104
2005;77
5280;93
114;178
12312;7
7796;192
5293;290
11039;268
2358;32
7579;158
1377;120
100;231
5863;42
10817;106
1429;297
6849;95
1821;317
3245;26
7614;126
9606;123
9941;231
191;181
11166;213
8917;266
9836;317
13283;264
8642;196
11631;99
11951;14
2465;269
7496;209
12848;164
1998;88
7725;74
2072;22
7026;244
12161;204
9335;30
7721;121
8582;297
336;162
9709;36
4553;96
8718;25
13643;161
3863;191
13436;127
11595;23
11951;182
13220;218
14174;29
8150;179
1072;80
6965;174
4821;8
3148;66
1956;276
6283;269
6693;120
3233;92
11123;22
9059;53
3071;187
5390;176
13581;232
6004;226
9801;56
2995;34
11668;73
2165;87
9892;313
8024;202
10582;281
10864;256
5815;276
7828;314
12097;55
9880;113
12178;28
13736;204
11614;245
225;310
2028;190
11187;301
1946;250
3019;307
5658;111
3418;195
11869;49
1531;241
1460;108
3081;19
1872;70
4387;157
897;280
5474;43
10094;95
2808;260
9230;220
13103;213
11699;293
10948;189
7955;90
2727;42
9710;212
5225;101
4579;279
5804;276
1965;216
11900;26
12976;102
11458;314
3141;286
1280;219
8924;119
5673;123
11259;290
8776;29
3844;121
8100;54
5112;62
2305;21
11366;165
1406;27
7178;313
5521;208
1869;180
12754;177
13205;121
1909;185
3178;40
1277;275
4007;125
2304;54
7935;64
11146;35
8509;222
10499;9
9400;256
2237;80
9946;241
8125;213
7700;136
11623;146
4955;27
9683;59
14251;304
4139;258
5247;254
13;93
9229;45
6494;24
3942;74
2449;96
9758;191
4111;127
8728;255
348;199
7916;52
5844;243
8103;150
6133;287
11198;247
5338;9
10821;34
6010;125
1248;214
8890;25
9874;63
242;320
6741;115
859;159
12600;226
966;214
872;167
12004;232
11085;178
14168;245
4956;98
11330;37
11768;267
6585;209
11023;256
4368;61
8858;16
13754;11
8451;152
12082;39
1499;309
2274;7
12910;44
10737;64
1027;63
2941;139
6942;165
10638;4
3318;215
1726;2
10394;83
4109;222
10920;167
7584;127
2535;113
1893;135
1582;227
8638;6
4358;5
8032;260
7150;231
8079;219
12009;312
4948;177
11985;171
6635;79
5969;146
13889;286
9022;255
6639;121
10874;125
2819;188
4129;271
13260;310
8214;238
222;16
11512;133
13148;268
10484;44
5096;208
12217;65
2187;116
1346;82
11517;161
12059;153
5802;185
13345;121
6186;235
4188;88
7166;67
1382;195
7068;91
14227;78
13601;245
4805;101
4672;142
10175;284
1945;246
766;183
2661;207
9141;74
7421;98
8804;81
10354;180
8397;295
10912;232
2357;251
7969;128
9978;311
10151;21
5305;53
4619;175
5746;190
11604;213
12790;164
12966;16
7996;278
646;77
5548;150
14165;95
7744;266
2633;121
2868;75
1779;321
79;251
5503;151
5844;102
12596;127
1;15
10619;196
12031;10
948;260
5059;140
14227;176
2853;62
2423;269
8325;207
4348;188
11388;292
2161;109
3578;20
4582;308
2285;154
967;222
13277;185
4549;286
9581;168
9837;23
12122;122
1508;151
7654;278
6622;18
9265;6
1832;241
12357;116
3262;228
10811;289
7601;116
743;291
2200;262
4861;314
11010;135
11147;79
8383;317
7763;111
7293;71
5695;132
6313;232
11526;318
1677;28
2979;210
5016;186
12980;90
8762;16
6852;303
8318;30
10928;228
2216;167
568;118
4299;177
6043;163
11934;218
9571;95
1526;77
11650;36
2517;300
4513;199
12445;295
8099;160
4572;198
10798;316
8341;68
1407;86
4689;160
9516;137
5018;202
9845;132
6424;208
7222;79
2131;45
4271;232
13062;153
2501;75
1141;104
6391;273
9278;68
8455;212
998;290
1048;26
10886;91
12319;137
12287;159
11902;49
13865;323
9127;229
5623;259
870;224
2697;192
2556;127
8495;209
6762;160
9377;185
13681;247
9392;74
2786;30
8780;311
6420;151
13224;319
13062;205
7734;273
3207;298
12016;298
7318;60
11706;211
863;153
9199;248
3182;319
5733;174
13349;71
11801;17
7332;265
6140;248
9191;160
294;309
12029;277
1984;57
12380;244
6322;56
5967;127
10844;142
13056;142
9726;242
11499;69
4277;168
13996;210
6594;160
5237;210
5352;320
13493;302
2130;203
11583;52
11464;75
14212;276
9061;257
13516;77
7855;107
9352;202
9045;154
11669;147
743;312
9586;232
3717;210
4796;229
13712;50
2818;148
6550;243
2952;212
10475;53
831;239
6163;254
13752;108
10641;230
10510;221
5399;178
2531;303
3066;21
13509;110
12416;117
2634;120
9017;215
11767;149
7073;275
2928;246
6588;192
3052;323
7620;43
1046;94
9368;17
11156;205
4884;84
14174;129
13172;72
2301;273
3366;144
13050;115
5009;273
4930;64
2998;238
7499;294
9134;228
5293;72
2335;224
4926;146
8381;76
1066;237
5894;133
413;176
12105;164
13257;2
10565;48
368;19
8643;262
7666;48
13371;204
1065;21
1540;28
706;140
9854;253
6878;20
7109;44
7585;82
4641;115
3129;182
7656;161
7524;205
1487;150
1875;53
12073;306
4836;20
10717;87
7890;259
2081;247
732;224
11009;157
11290;223
7056;4
8732;203
12166;130
2143;95
10246;170
4661;146
6016;98
185;305
13272;23
3215;208
10285;182
13467;306
820;281
9117;287
7867;281
3165;38
8836;309
7696;41
6441;156
3634;266
3088;262
1438;302
2650;151
9229;169
10053;287
8639;107
10829;314
2391;270
4533;66
8625;232
9662;202
8999;105
10587;179
2731;255
11713;261
10105;236
7003;34
6083;287
4111;253
5350;296
11464;127
4355;300
14158;267
10791;85
7849;193
994;124
10976;27
10049;209
6219;134
1280;49
11113;81
9586;133
2741;121
9259;217
12238;97
9552;295
6344;210
5886;253
7017;185
4392;267
3553;89
12490;150
2571;19
2153;222
6868;125
1396;300
6109;71
10521;182
3523;323
2191;212
5169;105
4013;70
2704;133
13070;242
1484;225
2811;219
10153;161
9207;150
7672;66
4920;34
11726;125
11920;218
13780;261
3413;318
10430;239
227;274
12425;227
14012;116
3946;240
3862;79
11007;266
9188;117
8290;118
4864;65
106;205
10822;108
8440;282
136;281
1251;85
408;121
3209;271
4410;308
7960;206
4280;129
13582;54
7217;148
9208;144
7151;91
8028;78
13528;153
10277;315
12954;170
4966;59
263;304
6154;46
11650;134
11092;276
4367;244
5299;228
80;60
6643;181
13156;73
3887;111
13626;77
10477;163
9227;305
5298;56
10364;49
10936;115
2454;230
5256;227
396;178
13624;271
10373;299
13237;138
5073;320
11726;256
8861;139
10520;112
5285;322
1816;93
3610;263
14168;16
167;189
12692;98
792;169
5494;137
8920;177
1378;105
7407;92
6593;292
14007;15
10098;163
7190;23
5262;131
12359;313
7853;74
8025;167
298;271
3179;237
4560;117
8730;231
12671;188
11221;63
860;134
4779;309
11954;81
6108;289
11968;74
2808;108
10915;152
3592;172
2836;130
2414;50
9482;206
13741;267
3284;323
7827;126
13624;66
7648;73
9924;287
5647;319
1592;64
6767;116
4273;44
13445;103
3978;98
6237;307
3588;54
3325;93
6964;210
5921;25
5425;263
3253;63
7460;273
13376;202
8076;268
7732;281
6119;263
11905;109
3837;104
14072;300
12782;77
14059;11
5808;260
8406;109
11271;257
5196;123
12137;215
12300;114
11706;51
13229;68
7128;267
13173;225
6107;271
10084;21
13649;162
12155;215
10658;230
1605;175
793;182
8444;10
9769;271
11872;296
13311;99
11359;290
12845;93
13209;281
12417;214
2497;228
829;3
13311;167
2352;219
13133;135
4013;19
6336;278
9582;210
5232;244
5956;35
995;298
2850;165
9455;259
12182;172
2006;307
9999;218
8253;243
2679;283
593;127
1116;121
236;269
5573;283
4326;295
4289;211
13786;70
7523;86
12478;179
2036;102
4260;285
233;305
12995;144
10968;35
1929;176
9678;150
12283;249
6454;292
10465;213
1263;53
10796;206
4802;8
9259;184
8256;191
2193;122
13110;218
8887;48
13080;269
13016;54
8350;205
10542;16
8726;322
1684;248
10961;152
6577;80
11091;88
4315;90
596;246
6069;90
9435;266
2605;24
1653;3
1934;75
1912;223
3448;207
3625;211
8907;52
7837;251
3336;211
7977;95
936;167
13286;16
5876;137
7377;114
14150;246
5436;178
2939;189
9321;212
11516;228
3130;127
9672;22
4297;191
1934;224
40;57
3139;207
5225;176
11376;159
5685;64
3866;64
5043;294
9273;6
14001;159
4255;96
626;321
13347;21
6804;63
13382;299
2284;221
13145;287
7084;301
6541;39
6200;29
6130;189
4698;248
2939;302
9483;31
135;240
4975;282
12108;99
12525;225
5828;83
939;190
6091;270
13460;150
5341;129
9168;311
1409;152
956;231
5415;37
14113;169
1350;152
9495;74
6913;304
5309;310
11411;307
9392;247
6020;296
9828;287
7978;110
519;197
7923;131
1031;139
4468;126
3452;255
3421;196
10281;173
1205;156
11382;296
9329;96
10228;19
3592;88
3112;91
13191;130
5373;138
3759;237
12666;64
2477;215
7339;228
7438;199
847;305
1885;258
11803;219
11345;168
7481;70
552;198
6364;148
8129;237
6903;269
662;323
5929;305
6407;237
3896;38
9265;241
8006;308
10219;50
7351;43
727;173
8305;170
6508;276
5934;213
9402;219
799;54
13617;137
2106;72
8942;275
6518;174
11897;128
8182;133
14154;88
8720;309
11932;320
6574;143
942;301
8409;265
7431;176
2486;31
8288;228
14221;28
4478;249
13955;247
4638;217
9870;315
12395;180
13501;261
8199;48
6901;102
7861;233
7974;74
3595;229
13596;205
5455;276
7147;235
4906;10
13438;217
14158;45
12336;11
4129;67
993;205
7754;98
3265;247
2319;210
1483;295
5178;268
10253;224
12856;165
2051;61
5599;1
12615;76
6862;83
11231;190
4616;180
419;266
8904;216
2791;225
1598;147
5974;118
3149;105
11856;147
13339;173
10627;241
7187;140
6810;156
9212;166
481;71
10797;35
11421;222
12336;21
7296;295
12667;172
6597;146
316;259
2202;280
5654;169
8848;205
4465;178
6218;33
8633;2
915;320
9435;14
4923;226
12879;162
8691;137
475;243
2149;47
1330;293
1533;78
4818;175
5810;178
8481;109
63;137
12416;251
6831;185
14209;166
12991;272
11547;148
7244;30
12764;209
2080;85
2325;270
10667;145
10052;246
965;45
11922;33
2606;320
11385;211
11652;260
4681;146
7527;133
6347;58
11299;242
4206;86
9291;200
5906;128
1139;178
7975;134
9480;203
7598;197
6303;245
7414;181
4308;9
11;129
11494;253
8387;81
13703;140
5445;85
10914;84
6173;164
12292;200
6853;24
3732;156
3702;191
8716;37
12694;194
12188;161
7388;223
4939;247
10413;54
1709;226
11597;281
543;298
1820;141
13769;313
4676;129
11982;277
10526;179
7320;317
13050;278
8313;91
9948;234
3549;58
12603;73
13774;75
10281;208
3859;222
5894;201
8368;79
10978;208
3869;77
6971;148
11194;153
810;11
7512;321
5898;175
3413;57
11811;163
7334;170
5857;295
11181;153
7375;20
9862;99
11680;308
9982;56
5463;58
7960;223
12619;44
12950;267
11856;88
1569;41
10479;83
3391;257
1413;12
613;212
2303;89
6871;202
5790;124
10107;225
1723;198
11758;132
5356;292
7518;2
7097;194
11774;80
2054;260
5952;206
9150;190
453;2
1869;245
1874;218
7019;325
637;230
6981;1
13891;232
9081;172
9361;276
6361;196
2084;180
8714;242
7641;254
64;101
2127;118
10890;225
14249;300
6132;322
4190;221
6741;206
504;139
1947;49
12962;189
2247;291
6378;172
1941;185
4012;235
5353;77
9886;275
4097;126
6450;196
3833;65
7271;164
11584;108
7357;32
6764;156
9531;78
2588;186
1292;194
1460;131
3139;198
13341;212
12077;30
8159;70
12460;88
1861;12
11364;8
9568;203
4347;33
7553;138
715;110
10419;149
5509;181
10647;273
2696;88
1422;238
11042;268
13514;69
9523;43
5985;59
10150;31
9915;293
1346;85
5809;310
11668;169
6324;228
6659;145
3038;167
13309;304
7459;158
4493;32
13022;251
2624;20
4097;311
8512;256
10395;62
7526;53
3145;1
5213;51
802;121
13849;311
7401;96
4354;181
13644;304
7277;49
2872;168
14165;287
245;38
727;153
2279;168
11674;239
9810;179
13964;288
4081;322
9816;210
1892;90
8004;212
351;143
374;68
10137;273
9531;280
2128;264
11403;29
4604;217
746;184
943;311
3321;270
9022;304
5660;223
13363;74
6544;45
4683;277
7585;288
13742;231
2399;268
9306;308
7181;284
3613;68
5564;284
1247;254
9109;200
8462;2
9728;198
10941;79
9817;99
13349;295
3322;54
12299;102
6172;245
4411;239
7097;313
11064;32
6209;122
12085;222
4264;27
7641;9
1952;256
3744;322
4393;303
11188;232
5605;137
5030;316
4195;203
7962;244
2801;242
11813;282
675;67
12134;73
9275;175
14176;91
2770;317
5828;62
8853;194
641;101
11474;323
3706;104
3096;120
12684;173
1062;174
2569;55
5727;21
4627;121
3198;12
7602;131
3022;87
11032;209
3488;275
9868;223
4606;13
4927;118
10937;179
11306;190
11125;165
2901;22
9309;315
5639;10
4258;168
7380;206
1379;150
13253;145
13648;58
7730;206
9680;268
2225;216
7057;223
13648;152
2395;133
5335;152
7303;9
778;20
6002;276
5984;319
11697;210
4726;241
1858;196
1189;150
1743;243
3683;111
12353;39
9670;254
3677;140
8538;297
8092;219
2419;304
485;139
1827;27
13661;41
9597;21
4462;135
10046;133
6647;18
7998;135
2043;148
5329;14
6646;148
9769;150
62;177
11595;36
13202;293
7155;322
4998;130
9586;197
3760;257
8937;47
11899;264
10081;109
221;100
12798;252
4944;316
10213;44
1753;199
6738;175
11769;142
7406;181
8414;84
6142;128
7809;289
11653;160
5835;129
4703;147
9449;271
11060;27
8392;289
13217;93
10196;244
11927;174
9713;195
9666;257
7528;89
13158;79
6265;262
7521;66
8491;228
8153;118
12699;315
6155;237
11054;29
2770;61
482;121
2729;322
12831;127
2714;263
3564;109
6311;217
12946;151
8697;128
269;69
7939;289
7575;31
5390;62
10964;12
9670;192
7442;145
8108;122
12599;110
4677;150
2717;147
2652;124
8196;79
632;152
5938;6
13443;159
13136;169
887;50
9327;246
13618;126
6400;321
7657;126
3823;119
11215;45
10968;232
8;47
11337;272
5160;136
5518;199
3529;115
294;116
4257;303
3748;324
5476;244
2476;278
6743;72
10487;154
1470;21
3799;61
9045;179
11646;316
5526;182
5215;175
997;316
7380;11
11595;9
5821;262
7449;26
2250;282
11501;285
11403;288
8620;182
1932;67
11678;83
13812;144
11270;93
11387;270
12836;252
6844;285
14184;239
9618;211
4560;265
1203;298
8587;43
2678;275
8453;197
5125;5
10921;177
12947;257
1582;47
14179;141
13086;166
8361;32
8369;1
1208;303
2058;134
11788;161
5350;275
6918;319
218;294
13652;284
4691;128
10024;244
11222;81
3066;10
9938;244
1718;77
5410;269
3488;218
9508;30
10505;44
12164;213
10892;42
7851;260
6142;298
1268;321
6398;130
12023;62
5960;142
4904;216
2671;167
8412;173
11166;52
5837;62
14255;262
5893;44
8991;214
6966;197
12276;274
772;133
6444;214
2292;51
3697;161
6127;266
7355;166
13622;6
6238;282
7440;163
2401;62
5929;66
6977;296
5289;185
13631;196
9477;158
1043;259
13666;322
13118;216
3501;274
9272;216
11406;112
9253;309
5902;231
3101;181
13111;46
9307;274
13340;14
4387;175
5394;285
2988;75
2313;260
6880;132
14069;25
8785;225
428;301
8752;239
4940;185
9444;129
10492;157
3437;144
6297;70
9123;254
1039;236
6364;272
12621;320
13349;301
8480;70
973;152
10148;165
4021;178
11309;269
7463;141
3373;281
5973;172
4244;80
3940;310
12638;258
1925;280
7670;261
7090;35
4708;296
11173;115
11080;104
11742;71
1128;144
560;110
8446;255
3239;314
1172;300
6454;32
3417;160
2519;259
10320;238
2922;148
5228;238
11904;21
11708;204
6741;169
13869;190
9005;69
12902;31
7401;103
14134;91
13550;162
5265;158
11180;197
5147;270
5742;189
6202;33
660;233
3973;314
3998;93
4206;141
2897;196
9233;32
6783;223
5803;57
1649;198
3168;158
10894;260
11090;64
6223;51
1986;128
5658;322
12586;91
10040;104
1520;252
6201;236
3071;119
7097;315
629;282
4252;2
14085;178
8707;311
452;176
13652;3
12155;9
12433;196
12760;163
501;287
762;283
782;76
1098;137
5028;67
14166;44
4711;314
10586;246
3747;295
10275;217
11709;313
7436;196
2665;300
12792;187
11758;261
4683;66
11911;207
11843;96
5137;148
9357;208
2652;45
3367;190
8186;9
13685;312
2884;292
11229;59
2918;113
9585;277
9436;246
1874;93
11677;116
2655;210
7289;1
6691;117
10511;192
10003;258
10534;229
11088;125
11512;203
13190;141
930;119
8041;238
14246;200
11705;281
13932;176
2811;191
7833;85
342;54
3653;63
1824;158
9395;285
887;138
10509;54
3459;316
10193;20
14044;165
9708;208
9711;249
12815;138
2925;89
1233;155
12222;121
281;64
13857;243
3108;259
13365;318
11693;44
6934;112
11455;315
592;302
843;173
13038;248
1268;51
8566;318
8;202
5706;289
6009;225
9077;57
11630;37
9384;128
13926;272
10295;85
13399;12
1207;150
9359;282
4124;117
380;314
187;152
2946;12
12498;303
12710;253
12610;183
6206;231
13509;88
7558;88
12842;193
3904;291
780;32
7072;196
4014;143
4847;315
7413;275
8806;182
10126;315
10836;20
4335;102
1082;35
7653;56
1266;214
5621;221
6977;184
1256;54
13625;269
2920;38
4620;187
6364;218
1038;294
8068;96
5545;45
13354;84
11823;139
6002;189
14030;224
9719;321
8048;321
12600;314
5601;180
9656;319
1804;95
3303;225
8219;182
9246;52
823;52
8746;208
4711;132
14214;73
9161;239
2840;214
5904;66
4735;90
1768;177
6117;110
7337;122
1040;177
8884;106
6012;139
8363;250
220;318
87;46
11275;142
2708;325
7483;163
13273;84
2421;136
10560;296
8530;93
2143;99
11342;21
3043;106
6117;210
11355;299
14210;251
11680;114
2844;16
6185;26
3220;13
1604;153
7046;122
633;108
12987;100
12627;24
10187;237
60;165
7080;267
2764;244
12781;55
7035;9
10287;189
6784;106
1691;141
3601;20
10909;18
10184;254
12101;248
4291;246
8475;267
11963;300
7968;233
10807;80
5409;58
9884;51
75;134
1204;257
8928;18
466;39
178;145
4904;161
6656;98
8387;82
8425;289
3712;59
3860;161
10361;58
9902;16
7781;290
6203;1
3270;141
279;144
3606;281
2689;80
5412;208
6439;62
5711;146
3434;228
2072;90
10984;81
10266;150
12833;298
2958;160
10862;315
10572;192
10618;152
12824;181
5105;110
4310;191
2123;140
4210;285
10267;23
2839;136
2823;239
5995;241
13857;213
10942;124
2029;282
202;1
9440;169
8823;70
13758;292
9608;115
483;83
11896;14
519;170
1727;204
3568;266
9046;160
11583;67
13377;99
7121;258
10411;194
1223;294
9403;278
2945;2
9248;318
2823;70
4601;309
2214;323
6068;256
6792;247
8310;65
3718;63
4224;128
12040;97
2321;142
12578;88
12860;220
8240;274
2005;207
6656;224
11060;204
9562;239
8284;68
5435;10
7240;291
6946;218
3139;90
4314;183
13995;203
5775;113
8076;222
8687;202
2050;184
5864;77
10603;231
2056;23
7073;186
1944;288
1630;92
3917;84
10178;26
1153;192
3283;88
6615;311
5517;55
10600;26
4595;8
2985;111
12649;53
2145;185
3691;236
5036;129
3270;208
9339;72
9774;284
14072;265
41;30
9035;198
8342;125
1331;213
531;172
3872;307
8697;115
7500;128
11399;279
5020;73
11747;17
711;8
1014;145
3747;153
10220;95
6582;48
1049;96
12138;267
5837;236
1512;85
4731;232
8290;287
3405;97
827;323
5898;225
12844;282
12600;38
1191;85
7874;108
5706;68
7672;77
9714;55
1776;267
13861;231
10340;195
11051;210
3060;34
12848;14
9578;294
933;153
2836;189
14253;243
9197;202
10810;118
68;136
2470;222
12997;196
6888;194
9390;204
13413;131
1249;57
1363;317
13903;60
4906;146
6936;243
8110;202
13781;15
10792;319
3338;192
11966;81
3377;193
7542;169
1311;12
4977;75
476;213
12489;217
3078;131
6977;39
11735;38
7468;219
6966;254
10981;118
13104;290
1514;140
4140;266
14039;178
9192;308
10939;5
1162;204
7437;14
4594;188
12067;164
13326;73
6644;305
187;320
12916;47
3183;156
4731;125
9770;53
10357;134
2632;139
4205;78
13946;250
6672;31
11456;199
1730;177
8429;70
361;243
6949;30
9238;122
12550;66
4514;126
1749;157
11721;171
4224;177
7941;209
335;273
6526;321
9182;249
1441;73
3327;2
3021;295
3640;273
1728;191
5416;233
8360;37
8532;153
3186;37
8348;303
7850;64
2269;325
10952;316
3526;70
2727;56
491;4
12648;176
7611;100
5593;102
13503;124
2175;72
712;236
8859;54
12458;76
7055;33
5730;88
1172;123
5845;43
11792;214
11687;126
2490;252
9179;143
7525;300
11581;40
427;306
6454;216
13948;303
2181;213
14055;8
9784;107
6826;77
11542;285
2844;88
236;33
10995;179
8359;94
13119;43
5428;319
5362;121
4415;311
11640;180
8367;167
3741;297
9996;50
5642;164
3226;47
4273;242
11149;281
11761;287
12440;73
13715;124
7470;27
3869;185
537;210
8950;223
5916;298
1294;190
2021;324
11389;317
578;315
5686;45
4329;79
5294;306
6379;237
694;83
2166;139
13143;293
1065;310
4075;317
3820;252
460;294
901;11
12192;123
1807;91
1132;89
8798;281
7710;220
5454;178
2110;163
1650;263
4422;185
7100;43
6823;42
8060;98
2571;23
10707;247
5443;54
5909;108
10993;302
6105;124
8893;131
8783;258
6594;123
4828;96
11124;280
2113;52
8789;82
256;43
13263;18
8232;37
12745;165
6712;236
9805;38
1522;55
12787;239
853;168
13788;279
7675;180
8944;312
5751;178
3839;20
13284;114
11748;111
2127;282
8190;80
6797;217
10735;245
2253;209
12145;96
9968;160
1135;273
344;200
951;60
12999;152
10547;296
6689;162
614;173
12351;88
5341;322
6011;211
7535;212
13853;109
4382;174
5506;325
6196;324
4647;137
651;128
4680;301
3562;215
9915;146
3434;140
13123;290
1900;39
2739;71
8909;138
12366;176
5116;14
12238;28
10422;184
14076;55
11102;113
12045;45
4205;146
5030;15
10725;131
9112;228
2539;173
787;158
2402;1
13021;74
12485;120
1499;106
9085;273
5325;290
5968;201
12027;30
11633;202
13426;216
8771;213
517;309
667;41
2155;139
4347;269
12062;204
8955;16
8317;322
294;122
1213;257
12868;270
13093;248
8741;188
5484;128
4054;34
11973;276
4746;240
6073;124
11981;249
7991;12
11945;141
6656;225
8170;55
456;232
9188;39
1541;39
6147;175
9467;67
4927;224
407;165
10289;251
256;193
73;179
4034;66
5267;195
11877;119
11926;105
2465;15
13433;49
12295;87
10002;221
6373;158
5860;180
8552;9
3923;195
3576;114
7617;301
9175;265
9404;275
9635;181
11374;83
203;171
11634;274
2161;87
7489;304
13491;105
5030;47
2846;314
12800;272
10303;179
13;218
12818;302
8849;242
12730;86
8287;173
144;287
14221;159
4679;45
6089;286
2572;108
8909;275
8693;67
738;41
5751;88
7522;70
1827;116
2535;194
12213;195
11194;93
1205;305
11350;149
1285;284
392;172
1983;240
7236;27
2112;249
8689;100
2653;148
3089;120
6523;234
4876;86
12195;10
1316;220
4286;278
6299;246
1468;184
10488;140
5351;296
12559;192
12939;137
13763;248
11621;110
9333;19
5143;70
3874;14
11596;280
5235;318
12433;83
5397;189
10370;286
3423;103
8200;40
5140;43
9206;319
5348;134
6439;111
11718;65
6266;253
12569;8
5340;83
11543;97
5564;49
11868;145
3924;104
6879;193
10389;183
6468;302
12310;307
8380;230
9019;233
10986;172
12778;158
9645;313
6592;164
8559;285
4357;289
856;161
8875;9
9073;2
3361;229
13365;99
13454;175
1070;262
1372;7
13531;197
2577;41
13126;314
7733;258
13474;292
6223;270
2074;122
3976;194
1911;266
1784;62
6584;98
7378;234
2383;271
11505;267
1714;284
1277;253
11715;129
1795;81
3228;13
10253;199
5771;5
3218;75
12735;281
7320;107
8836;47
3750;187
5712;9
9258;93
8844;152
10340;266
1304;239
3308;136
3770;76
5081;193
13328;158
8266;25
10297;291
7634;309
9852;34
4096;257
7053;140
8175;310
13315;60
1816;259
7024;22
5471;259
7456;199
4162;114
2466;230
8545;30
5083;162
12118;143
4429;10
910;54
11575;124
8890;125
8411;176
11052;81
11147;95
9739;13
8361;206
8360;315
6899;315
8099;123
3382;252
13990;305
9017;247
6269;252
4317;187
8859;24
10575;14
13832;266
7638;62
12135;45
3159;89
13159;128
1407;180
25;112
3058;203
7417;236
8710;191
12044;114
8716;323
669;204
3342;100
9869;246
14048;198
10687;307
3440;62
8249;253
9938;271
8873;97
6027;51
10501;50
4990;153
8192;314
14056;2
9886;289
9412;152
7762;44
12491;102
5766;249
4410;49
1384;179
13660;108
13410;241
8763;310
8159;129
6639;123
6373;236
7387;143
11380;130
7593;30
525;53
14007;297
2225;143
9272;76
2364;231
11679;81
2763;105
2427;104
4863;183
13548;47
7427;80
132;316
7085;92
12905;146
12251;113
9931;26
8234;136
10227;310
3974;320
3410;219
2374;319
5634;305
7833;153
7083;145
9479;12
8928;181
2942;165
2390;99
5902;68
117;125
6470;261
8110;98
2480;21
5361;307
12718;86
14079;123
13481;120
7596;304
439;105
11478;278
11731;12
3244;149
13178;39
1076;218
5117;130
8647;242
7121;117
4709;316
8765;167
7166;160
8668;170
8598;28
12519;171
6815;269
7838;105
5900;42
1187;63
10095;263
5934;87
4793;47
8471;116
3842;250
11747;78
2840;266
1659;86
6127;21
8399;96
11849;125
151;74
13919;221
7502;293
8919;63
5464;145
9249;318
4015;11
6338;219
9647;171
13174;300
12737;136
4039;231
3089;145
3743;2
4156;82
12639;171
9145;5
5787;72
9050;225
1048;296
840;142
13345;234
14187;146
7677;169
399;246
2394;23
5635;148
5280;113
5135;13
5356;73
3613;307
3148;80
4107;176
11663;121
5816;256
7190;15
1513;201
8778;63
8746;242
9116;16
11279;9
2533;143
13247;218
9134;82
13551;179
3793;7
154;138
4200;95
12390;59
12720;313
11532;101
1493;280
7284;95
12247;74
5401;112
3873;16
5796;221
4920;293
9308;82
5330;16
6038;181
13853;221
11132;91
5527;43
2269;101
985;105
6187;44
10003;150
9143;273
7742;163
10152;77
11973;117
8485;225
10405;263
12094;56
4336;9
7884;248
4846;268
7796;89
12380;309
226;303
8729;196
10851;27
4956;207
12971;48
7223;236
150;22
8100;188
13458;18
303;189
9825;236
10644;220
1377;77
6110;108
10901;264
9733;214
2329;323
13321;179
9419;108
6143;255
11009;238
5008;234
13176;41
6567;22
11799;241
11025;320
5998;308
6551;282
2849;296
8395;274
13597;241
4980;178
3783;165
13504;35
8622;138
3347;57
4431;180
5439;263
7179;218
10133;228
3034;296
429;100
5850;118
1041;36
1447;119
8055;289
8215;295
6176;161
1486;277
4878;89
4951;13
3169;79
12111;21
13012;270
1663;185
9899;243
11705;242
5834;34
3755;63
8529;120
321;85
9546;197
13312;265
12530;321
3818;235
812;82
11879;200
234;307
3912;154
4246;301
9044;227
13020;133
4433;63
7078;55
5231;54
14110;48
8764;163
7790;78
1899;85
12110;318
5498;256
3059;226
10038;226
2681;308
5615;56
21;77
13939;228
919;161
11061;50
2471;218
5676;116
1977;260
12360;115
2127;274
4141;25
8420;14
10179;34
5404;65
11725;206
4374;163
5016;17
8990;153
8550;164
8290;303
8682;278
1409;95
455;222
12728;68
3340;35
8931;64
1817;44
787;8
3017;150
7865;223
1246;163
1221;291
7537;42
296;302
11860;158
3661;191
4238;305
6463;269
6970;121
6857;198
9830;233
1741;168
4121;76
3238;92
1591;290
4081;150
7956;247
6650;320
13302;200
12270;95
5037;195
3154;238
3739;145
181;28
1999;304
3295;14
10050;160
4339;302
6887;55
5287;26
358;172
9540;217
6869;274
2784;274
9251;189
7781;262
11515;158
11474;45
8712;178
3942;12
7607;154
13660;285
2052;283
11436;260
9978;70
8197;196
7154;141
1646;45
11429;2
6474;224
3245;4
6227;313
4369;146
1496;104
8451;159
3880;157
1606;323
5465;286
10927;220
3082;191
7463;184
611;31
2379;216
4481;225
7633;227
10832;209
11911;275
13291;38
8890;17
4493;212
13319;133
9504;294
12057;160
6487;280
11228;95
8991;256
12327;207
10267;18
1723;258
8517;185
10508;70
9854;149
11581;17
9310;225
11647;143
3518;296
6607;214
13924;249
9978;244
2198;231
6325;188
11401;304
9784;35
8955;137
10575;12
8230;304
2669;159
9803;8
5862;59
9589;23
13902;232
10715;47
11991;29
1820;212
1735;65
3206;133
10046;315
2659;251
5300;278
3353;161
7899;95
10295;37
9749;88
5884;173
297;21
3815;282
1082;131
4532;224
8694;256
3873;136
3502;297
9068;304
13599;252
579;318
5746;269
4431;61
12774;147
7581;253
630;237
2266;3
692;262
7267;22
4087;26
803;210
7002;51
8355;200
11269;100
5202;107
13746;223
9743;59
3996;133
11960;305
13434;285
1205;97
2607;48
8634;320
2047;62
5175;167
5106;26
942;28
6563;102
5691;86
6917;61
5683;210
4068;26
10146;177
2902;224
8747;175
8283;139
8780;148
8908;90
7537;95
4432;277
12152;50
13741;313
9165;193
32;132
743;61
1803;268
668;70
2804;118
6285;316
1071;207
2874;249
3900;258
6251;199
7691;254
3924;304
13371;279
4803;40
10254;221
3400;262
12460;227
3685;317
7082;230
8475;47
8926;298
9188;285
3563;250
7102;136
3762;44
8773;21
6415;313
12246;198
6508;63
591;23
10994;309
8108;61
2038;61
10575;271
10511;230
3373;94
304;67